{"stats":{"minecraft:killed_by":{"minecraft:zombie":1},"minecraft:picked_up":{"minecraft:sand":1},"minecraft:custom":{"minecraft:jump":28,"minecraft:time_since_rest":24847,"minecraft:deaths":1,"minecraft:crouch_one_cm":56,"minecraft:walk_on_water_one_cm":6917,"minecraft:sprint_one_cm":223,"minecraft:play_time":98256,"minecraft:damage_taken":315,"minecraft:time_since_death":24762,"minecraft:walk_one_cm":7731,"minecraft:sneak_time":8,"minecraft:total_world_time":98256,"minecraft:walk_under_water_one_cm":566,"minecraft:fall_one_cm":1099,"minecraft:fly_one_cm":835},"minecraft:mined":{"minecraft:sand":1}},"DataVersion":3120}