{"stats":{"minecraft:picked_up":{"minecraft:sand":1},"minecraft:custom":{"minecraft:jump":7,"minecraft:time_since_rest":62256,"minecraft:crouch_one_cm":56,"minecraft:walk_on_water_one_cm":2375,"minecraft:sprint_one_cm":223,"minecraft:play_time":62256,"minecraft:damage_taken":215,"minecraft:time_since_death":62256,"minecraft:walk_one_cm":4554,"minecraft:sneak_time":8,"minecraft:total_world_time":62256,"minecraft:walk_under_water_one_cm":248,"minecraft:fall_one_cm":1099,"minecraft:fly_one_cm":598},"minecraft:mined":{"minecraft:sand":1}},"DataVersion":3120}