{"stats":{"minecraft:dropped":{"minecraft:tadpole_spawn_egg":3},"minecraft:custom":{"minecraft:time_since_rest":76173,"minecraft:crouch_one_cm":1138,"minecraft:play_time":76173,"minecraft:sprint_one_cm":8066,"minecraft:damage_taken":30,"minecraft:walk_one_cm":46423,"minecraft:sneak_time":489,"minecraft:walk_under_water_one_cm":10327,"minecraft:drop":3,"minecraft:jump":238,"minecraft:time_since_death":76173,"minecraft:walk_on_water_one_cm":10853,"minecraft:total_world_time":76173,"minecraft:climb_one_cm":232,"minecraft:fall_one_cm":4004,"minecraft:fly_one_cm":13582},"minecraft:picked_up":{"minecraft:cocoa_beans":3,"minecraft:wheat_seeds":3,"minecraft:tadpole_spawn_egg":3,"minecraft:sand":3},"minecraft:mined":{"minecraft:grass":14,"minecraft:cocoa":1,"minecraft:bubble_coral":2,"minecraft:sand":3,"minecraft:sea_pickle":1,"minecraft:brain_coral":1,"minecraft:fern":2},"minecraft:used":{"minecraft:lava_bucket":15,"minecraft:sand":3,"minecraft:cobblestone":69,"minecraft:strider_spawn_egg":1,"minecraft:tadpole_spawn_egg":12,"minecraft:mule_spawn_egg":1,"minecraft:allay_spawn_egg":2}},"DataVersion":3120}