{"stats":{"minecraft:custom":{"minecraft:time_since_rest":28173,"minecraft:play_time":28173,"minecraft:sprint_one_cm":5060,"minecraft:damage_taken":30,"minecraft:walk_one_cm":32736,"minecraft:sneak_time":107,"minecraft:walk_under_water_one_cm":10246,"minecraft:jump":103,"minecraft:time_since_death":28173,"minecraft:walk_on_water_one_cm":4520,"minecraft:total_world_time":28173,"minecraft:climb_one_cm":232,"minecraft:fall_one_cm":4004,"minecraft:fly_one_cm":2972},"minecraft:picked_up":{"minecraft:cocoa_beans":3,"minecraft:wheat_seeds":3,"minecraft:sand":3},"minecraft:mined":{"minecraft:grass":14,"minecraft:cocoa":1,"minecraft:bubble_coral":2,"minecraft:sand":3,"minecraft:sea_pickle":1,"minecraft:brain_coral":1,"minecraft:fern":2},"minecraft:used":{"minecraft:sand":3}},"DataVersion":3120}