{"stats":{"minecraft:custom":{"minecraft:time_since_rest":52173,"minecraft:play_time":52173,"minecraft:sprint_one_cm":5781,"minecraft:damage_taken":30,"minecraft:walk_one_cm":33216,"minecraft:sneak_time":107,"minecraft:walk_under_water_one_cm":10327,"minecraft:jump":112,"minecraft:time_since_death":52173,"minecraft:walk_on_water_one_cm":10853,"minecraft:total_world_time":52173,"minecraft:climb_one_cm":232,"minecraft:fall_one_cm":4004,"minecraft:fly_one_cm":3215},"minecraft:picked_up":{"minecraft:cocoa_beans":3,"minecraft:wheat_seeds":3,"minecraft:sand":3},"minecraft:mined":{"minecraft:grass":14,"minecraft:cocoa":1,"minecraft:bubble_coral":2,"minecraft:sand":3,"minecraft:sea_pickle":1,"minecraft:brain_coral":1,"minecraft:fern":2},"minecraft:used":{"minecraft:sand":3}},"DataVersion":3120}